scorer,DLC_resnet50_cb4_networkMar13shuffle1_200000,DLC_resnet50_cb4_networkMar13shuffle1_200000,DLC_resnet50_cb4_networkMar13shuffle1_200000,DLC_resnet50_cb4_networkMar13shuffle1_200000,DLC_resnet50_cb4_networkMar13shuffle1_200000,DLC_resnet50_cb4_networkMar13shuffle1_200000,DLC_resnet50_cb4_networkMar13shuffle1_200000,DLC_resnet50_cb4_networkMar13shuffle1_200000,DLC_resnet50_cb4_networkMar13shuffle1_200000,DLC_resnet50_cb4_networkMar13shuffle1_200000,DLC_resnet50_cb4_networkMar13shuffle1_200000,DLC_resnet50_cb4_networkMar13shuffle1_200000,DLC_resnet50_cb4_networkMar13shuffle1_200000,DLC_resnet50_cb4_networkMar13shuffle1_200000,DLC_resnet50_cb4_networkMar13shuffle1_200000
bodyparts,ASIS,ASIS,ASIS,Hip,Hip,Hip,Knee,Knee,Knee,Ankle,Ankle,Ankle,Toe,Toe,Toe
coords,x,y,likelihood,x,y,likelihood,x,y,likelihood,x,y,likelihood,x,y,likelihood
0,603.7913818359375,275.2723388671875,0.9853084683418274,473.0268859863281,349.6324768066406,0.9694089293479919,576.4899291992188,505.4939880371094,0.9840717315673828,450.37274169921875,529.2315673828125,0.9821933507919312,540.4244384765625,571.3971557617188,0.9126955270767212
1,610.78564453125,274.40673828125,0.9852414131164551,478.852783203125,349.41375732421875,0.9664958715438843,585.5447387695312,502.3910827636719,0.9722310304641724,458.1711730957031,526.986083984375,0.9770338535308838,557.23828125,570.1547241210938,0.8699246644973755
2,618.3512573242188,273.8945007324219,0.9822987914085388,488.4833068847656,349.3847961425781,0.9775519371032715,594.0757446289062,499.5325927734375,0.9740045070648193,468.15093994140625,524.202392578125,0.9833816289901733,565.87060546875,569.4138793945312,0.8606633543968201
3,624.5308837890625,272.5030822753906,0.9791646003723145,494.91461181640625,348.5617370605469,0.9769960641860962,604.5186157226562,497.68365478515625,0.9813040494918823,479.5815124511719,528.2774658203125,0.9814032912254333,574.2269897460938,568.8507080078125,0.8879762887954712
4,631.4959716796875,271.0816955566406,0.9828241467475891,503.5816650390625,347.2040710449219,0.986469030380249,613.61376953125,496.9577331542969,0.9713793992996216,492.3572692871094,534.8900756835938,0.9860779643058777,592.2883911132812,578.5044555664062,0.8685729503631592
5,639.4345092773438,268.8419189453125,0.983474850654602,509.078857421875,347.3538818359375,0.981647253036499,624.2327270507812,497.5247802734375,0.9693891406059265,505.95318603515625,540.9953002929688,0.9789861440658569,605.3178100585938,589.21484375,0.9168314933776855
6,646.8411254882812,268.6667175292969,0.9883645176887512,517.35791015625,347.0953674316406,0.9885342121124268,635.3289794921875,499.55181884765625,0.9838504195213318,520.3145141601562,550.2838134765625,0.9729039669036865,623.1868286132812,602.8418579101562,0.9078130125999451
7,651.9757080078125,267.9790954589844,0.9872455596923828,523.2962646484375,347.9822692871094,0.9786997437477112,644.9261474609375,503.1804504394531,0.9823428988456726,536.1201782226562,562.23193359375,0.9677109122276306,636.3204956054688,614.4268188476562,0.9264100193977356
8,658.661376953125,269.2969970703125,0.9911091327667236,531.2615966796875,351.3055419921875,0.9739989042282104,655.7600708007812,506.4681396484375,0.9777036905288696,550.8549194335938,570.2814331054688,0.9779818058013916,647.8099365234375,626.5636596679688,0.926626980304718
9,663.4349365234375,270.9435119628906,0.9768095016479492,537.1068115234375,353.513427734375,0.980460524559021,664.1923217773438,509.768798828125,0.9806872010231018,558.509033203125,578.0523681640625,0.9844588041305542,653.4793701171875,633.9680786132812,0.9086724519729614
10,667.7615356445312,273.14300537109375,0.9825243949890137,542.710205078125,359.2508544921875,0.9830981492996216,673.254150390625,516.1596069335938,0.9877162575721741,556.6852416992188,577.5755004882812,0.9821199178695679,646.1477661132812,635.3460083007812,0.887641429901123
11,672.1600952148438,277.2809143066406,0.9869447350502014,549.169921875,365.1596984863281,0.9874756336212158,677.5611572265625,519.9117431640625,0.9835495948791504,550.374755859375,572.3928833007812,0.9744255542755127,636.0386352539062,635.3905029296875,0.9154958724975586
12,675.57275390625,281.35528564453125,0.9891575574874878,552.0446166992188,369.3451232910156,0.9804461002349854,680.6025390625,522.9248046875,0.980642557144165,546.6815795898438,570.4007568359375,0.9780160188674927,629.749267578125,634.83740234375,0.9057770371437073
13,679.0299682617188,286.2272644042969,0.985140860080719,554.1294555664062,376.596435546875,0.9839423894882202,681.4308471679688,527.4637451171875,0.9849991202354431,542.3837280273438,569.66064453125,0.9816927909851074,626.946044921875,636.9946899414062,0.8702186346054077
14,681.7698364257812,291.7789001464844,0.9842747449874878,556.2171020507812,380.452880859375,0.9816691875457764,681.1541137695312,533.2167358398438,0.9806933403015137,537.744384765625,568.4561157226562,0.9817612171173096,615.8718872070312,635.1481323242188,0.9092926979064941
15,683.5783081054688,296.09661865234375,0.9831526279449463,558.3482055664062,384.7926330566406,0.9802497029304504,680.7139892578125,537.1053466796875,0.982463002204895,532.9136962890625,566.2362670898438,0.972061276435852,612.026611328125,634.9310302734375,0.9017776250839233
16,686.9041748046875,300.7722473144531,0.9822380542755127,560.0157470703125,390.363037109375,0.9794414639472961,678.4022216796875,540.5383911132812,0.9935564994812012,528.344970703125,565.685546875,0.9745527505874634,606.36962890625,635.7508544921875,0.9060508608818054
17,687.8536987304688,304.4416809082031,0.981329083442688,561.8734741210938,394.03009033203125,0.9867326021194458,674.9127807617188,545.3587036132812,0.9834206104278564,524.8502807617188,563.999755859375,0.9819292426109314,598.1301879882812,634.2537231445312,0.9202564358711243
18,689.5179443359375,308.26751708984375,0.9872654676437378,563.5113525390625,397.90899658203125,0.9834386110305786,672.4384765625,548.9959716796875,0.9768383502960205,520.4702758789062,561.6762084960938,0.9604132175445557,595.6253051757812,634.5828857421875,0.8397218585014343
19,691.3489379882812,311.1802978515625,0.9878530502319336,564.6087036132812,399.3212585449219,0.9765114784240723,668.66845703125,553.1581420898438,0.9757033586502075,517.0457763671875,555.880126953125,0.9745351076126099,589.5504760742188,634.9631958007812,0.8626405000686646
20,693.14501953125,313.8978576660156,0.9868556261062622,565.266845703125,401.2162780761719,0.9804162979125977,665.934814453125,554.4160766601562,0.9774612188339233,514.1072387695312,553.76513671875,0.9753512144088745,580.9349975585938,630.5514526367188,0.9052846431732178
21,694.4932861328125,316.65972900390625,0.9819045066833496,566.2100219726562,402.4563293457031,0.9842062592506409,663.8140258789062,555.5948486328125,0.9863202571868896,509.3402099609375,551.6297607421875,0.9746971130371094,576.7674560546875,630.7774047851562,0.8375128507614136
22,696.2767944335938,318.3690490722656,0.9744628667831421,566.850830078125,402.9508361816406,0.9831641912460327,662.4939575195312,556.2642211914062,0.9854586720466614,506.6422424316406,549.741455078125,0.9817094802856445,567.3724975585938,630.3684692382812,0.8123587369918823
23,698.24267578125,319.5048522949219,0.9662072062492371,567.5092163085938,403.1856994628906,0.9826189875602722,660.1679077148438,557.8292846679688,0.9875285625457764,503.7628479003906,546.0496215820312,0.971161961555481,561.7088012695312,630.2451171875,0.907417356967926
24,700.3402099609375,320.9472961425781,0.9641765356063843,568.2894897460938,402.42633056640625,0.9796175956726074,656.9591674804688,559.4517211914062,0.9665418863296509,499.64630126953125,541.004150390625,0.9757634401321411,556.3997192382812,629.86767578125,0.883252739906311
25,702.4873046875,322.0183410644531,0.9621375799179077,568.9740600585938,401.29150390625,0.9824339151382446,655.4862060546875,560.68994140625,0.9702084064483643,497.3067321777344,539.007080078125,0.9775368571281433,549.5999755859375,628.9221801757812,0.9340202808380127
26,704.6626586914062,321.6484375,0.9771427512168884,570.0005493164062,399.666015625,0.981361985206604,652.5792846679688,560.8558959960938,0.9814205169677734,493.7586364746094,538.149658203125,0.9861677885055542,544.5904541015625,627.7918090820312,0.9341433644294739
27,706.0790405273438,321.3975830078125,0.9849767684936523,570.662109375,398.04736328125,0.9796925783157349,650.1669311523438,560.774658203125,0.9780513048171997,491.035888671875,536.12548828125,0.9848216772079468,539.6329956054688,627.3289794921875,0.9270991086959839
28,707.4224853515625,321.6439514160156,0.9845056533813477,570.880126953125,396.7178955078125,0.9792120456695557,647.068115234375,559.0684814453125,0.9785093069076538,489.09283447265625,534.0579223632812,0.9737023115158081,532.6350708007812,625.4218139648438,0.9516756534576416
29,708.408203125,320.92803955078125,0.9843454360961914,570.8184204101562,395.5506896972656,0.9849865436553955,645.9198608398438,557.9979248046875,0.988944947719574,486.57257080078125,530.6747436523438,0.9696172475814819,528.5928955078125,626.7147827148438,0.9291969537734985
30,709.7091064453125,319.5242004394531,0.9776003360748291,571.3388061523438,394.6594543457031,0.988439679145813,645.5194702148438,556.8587036132812,0.9923931360244751,483.9622802734375,527.1224365234375,0.9742813110351562,522.894287109375,625.6285400390625,0.9453050494194031
31,711.4032592773438,318.6266784667969,0.9663742184638977,572.0759887695312,392.9888916015625,0.9838413000106812,644.2108154296875,556.391845703125,0.9941537976264954,479.5044860839844,524.2640991210938,0.9840375781059265,513.8912353515625,622.9126586914062,0.9439432621002197
32,712.5089721679688,317.4863586425781,0.9589501619338989,572.5089721679688,389.47509765625,0.9864371418952942,642.1790161132812,555.4093017578125,0.9920696020126343,476.94921875,522.7897338867188,0.9879600405693054,507.787109375,622.3938598632812,0.9384994506835938
33,713.6097412109375,317.22003173828125,0.9361778497695923,573.042236328125,387.1891174316406,0.9880809187889099,639.7183837890625,555.4603881835938,0.9874123930931091,473.9519958496094,521.5286254882812,0.9839868545532227,500.015625,621.3284912109375,0.9450043439865112
34,718.5370483398438,317.19927978515625,0.9524375200271606,573.9952392578125,384.505859375,0.9857474565505981,637.9439697265625,554.9362182617188,0.9818125367164612,470.63739013671875,519.0883178710938,0.9784634113311768,494.238525390625,620.363525390625,0.9412280321121216
35,719.5723266601562,316.2835998535156,0.9705953598022461,574.9603881835938,382.98236083984375,0.9793877005577087,636.8665771484375,554.1731567382812,0.9757528305053711,468.50140380859375,517.9135131835938,0.9746184349060059,488.55511474609375,619.492431640625,0.9455865025520325
36,721.263916015625,315.2248229980469,0.9780962467193604,577.2969360351562,382.69464111328125,0.9777814149856567,636.2735595703125,553.5372314453125,0.9658248424530029,465.71368408203125,518.0985717773438,0.9770607948303223,482.04498291015625,618.2637329101562,0.9423477649688721
37,723.3037109375,315.159912109375,0.9716907143592834,578.6121826171875,381.3070373535156,0.9825332760810852,636.3858032226562,552.1173706054688,0.9735240936279297,463.3525085449219,516.2091674804688,0.9806618690490723,476.8670959472656,617.9326171875,0.9265429973602295
38,725.1602783203125,315.3509216308594,0.968989372253418,580.7758178710938,379.715576171875,0.9854509830474854,636.8571166992188,551.2255249023438,0.9736953377723694,460.8704528808594,514.1795654296875,0.9786245226860046,472.0964660644531,617.8875732421875,0.9471174478530884
39,726.9847412109375,316.2097473144531,0.9641880989074707,582.868896484375,378.9554138183594,0.9823569059371948,637.1156005859375,550.3944702148438,0.9762015342712402,458.0904846191406,512.9923095703125,0.9626736640930176,465.40570068359375,614.3515014648438,0.9291056990623474
40,728.8177490234375,317.2902526855469,0.9458377957344055,584.8815307617188,379.03668212890625,0.9786355495452881,637.44775390625,549.9147338867188,0.9750761985778809,454.84197998046875,509.5602722167969,0.9674608707427979,458.3919372558594,613.4193115234375,0.9388800859451294
41,731.4609375,319.7039489746094,0.9469643831253052,586.5929565429688,379.5182189941406,0.9848016500473022,637.1781005859375,549.6033935546875,0.9778888821601868,451.42425537109375,507.9585876464844,0.9808664321899414,452.8316650390625,612.4070434570312,0.9443948268890381
42,733.9252319335938,320.94219970703125,0.9457319974899292,587.3541870117188,379.9468688964844,0.9854292869567871,636.9176635742188,549.1866455078125,0.9776565432548523,447.1565856933594,508.5157165527344,0.9800545573234558,445.9582214355469,611.534423828125,0.938021183013916
43,736.7354736328125,321.8381652832031,0.9556806087493896,588.4871215820312,380.3025817871094,0.9824662208557129,637.1561889648438,548.7548217773438,0.976274847984314,444.9966735839844,507.8280029296875,0.9880437254905701,441.7437744140625,611.9330444335938,0.9475836157798767
44,738.4033203125,323.0780029296875,0.9767541289329529,589.599853515625,380.6627502441406,0.9824531078338623,637.086181640625,549.2080688476562,0.9784079790115356,442.35784912109375,507.6483459472656,0.9860416650772095,437.2137451171875,610.9891357421875,0.9462538957595825
45,739.7742309570312,324.6755676269531,0.9738667011260986,591.6975708007812,381.2936706542969,0.9785255789756775,636.8416748046875,548.1796875,0.9769047498703003,439.4548645019531,506.8611145019531,0.9757277965545654,430.8749084472656,609.2208251953125,0.9504210948944092
46,740.4979248046875,327.0318603515625,0.9676822423934937,593.0783081054688,382.1986389160156,0.9787720441818237,637.0023193359375,549.09228515625,0.9718096852302551,436.0296936035156,505.6295166015625,0.9798756837844849,425.6673278808594,610.7896728515625,0.957183301448822
47,742.6284790039062,329.89007568359375,0.9661500453948975,595.2274169921875,382.1620788574219,0.977898120880127,637.6285400390625,548.6679077148438,0.9696272611618042,433.0015563964844,504.1665344238281,0.9782307147979736,419.77099609375,609.0601806640625,0.9479210376739502
48,744.1482543945312,331.2281188964844,0.9554100036621094,596.2117309570312,383.2419738769531,0.9811365604400635,637.3978271484375,549.4757690429688,0.9687952399253845,430.750732421875,504.4643249511719,0.981290340423584,411.14984130859375,608.8485717773438,0.9624199271202087
49,746.5450439453125,332.6911926269531,0.9452629089355469,597.0006713867188,383.66998291015625,0.9825743436813354,636.9694213867188,548.3914184570312,0.9654533863067627,428.4720458984375,503.6668395996094,0.9805914163589478,405.9598388671875,608.1087646484375,0.9397917985916138
50,747.6974487304688,335.3887023925781,0.9309918284416199,597.8370361328125,384.47393798828125,0.9821898937225342,636.058837890625,548.4114990234375,0.9677494764328003,424.25640869140625,503.7195129394531,0.968248724937439,400.83880615234375,607.6490478515625,0.9305137395858765
51,749.1796264648438,336.51470947265625,0.9367804527282715,598.6448364257812,385.3013610839844,0.981259822845459,633.6550903320312,546.9948120117188,0.953713059425354,419.7156982421875,503.1860046386719,0.9736988544464111,393.90960693359375,606.761962890625,0.9330472946166992
52,752.0872192382812,337.6639404296875,0.9303916692733765,599.24169921875,386.8638916015625,0.9787808656692505,631.3237915039062,547.9331665039062,0.9561034440994263,417.5518798828125,503.2684326171875,0.9754697680473328,389.6437683105469,606.9653930664062,0.9486182332038879
53,753.0604248046875,339.1144714355469,0.9636443853378296,600.0186157226562,388.1633605957031,0.9791295528411865,629.8060302734375,548.2396240234375,0.965248167514801,414.9293212890625,504.176513671875,0.9812766313552856,385.176025390625,606.781494140625,0.930038332939148
54,754.44384765625,340.8946228027344,0.9673824310302734,600.68408203125,389.37640380859375,0.9804273843765259,628.4017944335938,548.7340698242188,0.9688671827316284,411.9930725097656,504.5389099121094,0.9806951284408569,379.0199890136719,606.0503540039062,0.9221223592758179
55,755.7858276367188,342.42071533203125,0.9612854719161987,601.3278198242188,391.1224060058594,0.9784194231033325,627.6159057617188,548.5458374023438,0.9698367118835449,409.0456237792969,504.7558898925781,0.9681293964385986,373.5207824707031,605.8707275390625,0.9429823160171509
56,757.6558837890625,345.8191833496094,0.974079966545105,602.03759765625,392.8753967285156,0.9819954633712769,626.2676391601562,548.0686645507812,0.9680812358856201,404.8824768066406,503.93646240234375,0.9766443371772766,369.3739013671875,605.93115234375,0.9250136613845825
57,758.8352661132812,346.45501708984375,0.9576147794723511,602.42724609375,394.18695068359375,0.987217903137207,623.6751098632812,547.361083984375,0.938389241695404,401.989990234375,504.2689514160156,0.9728628396987915,360.45172119140625,604.9605102539062,0.9198174476623535
58,759.9259643554688,348.1092834472656,0.9597437381744385,603.4255981445312,395.0085144042969,0.9871304035186768,621.4414672851562,545.8687133789062,0.9370384216308594,398.947265625,505.70758056640625,0.9778643250465393,354.4963073730469,604.491943359375,0.9096589088439941
59,761.9700317382812,350.4420166015625,0.9412907361984253,603.8767700195312,395.2391357421875,0.9861869812011719,618.3385009765625,545.1557006835938,0.945854902267456,396.0921936035156,506.80889892578125,0.978705883026123,345.6221008300781,604.076904296875,0.8661994934082031
60,763.1224365234375,351.4020690917969,0.9388315677642822,604.34912109375,395.4054870605469,0.9849706888198853,615.0704345703125,543.976806640625,0.946953535079956,394.4058837890625,507.1608581542969,0.9788087010383606,341.73748779296875,603.205078125,0.9235518574714661
61,764.5758056640625,351.57452392578125,0.9096006155014038,604.649658203125,395.4205322265625,0.984397828578949,614.1671752929688,542.6255493164062,0.9622791409492493,390.6521301269531,507.6459045410156,0.9755828976631165,336.8867492675781,602.8643188476562,0.8934999704360962
62,765.2761840820312,351.849609375,0.9220318794250488,604.658935546875,395.4068603515625,0.9850878119468689,612.9838256835938,541.7899780273438,0.9635642766952515,388.87054443359375,507.68939208984375,0.9793846011161804,331.8226623535156,602.6842041015625,0.8507709503173828
63,767.5296630859375,350.8529357910156,0.9320155382156372,605.0911865234375,395.40753173828125,0.9829432964324951,611.5778198242188,540.7132568359375,0.9710062742233276,387.6063537597656,508.4302978515625,0.9736112952232361,326.2708435058594,599.30810546875,0.9104479551315308
64,768.18212890625,350.7572937011719,0.9570612907409668,605.2913818359375,395.1647644042969,0.9821096658706665,611.037841796875,539.7904663085938,0.9726126194000244,386.5369567871094,508.9046325683594,0.9674873352050781,322.660400390625,599.7103271484375,0.881188154220581
65,768.5760498046875,350.6065368652344,0.963941216468811,605.3319091796875,394.808837890625,0.9782954454421997,608.3003540039062,538.9213256835938,0.9686619639396667,383.52593994140625,512.765869140625,0.9555538892745972,315.9548034667969,602.4390258789062,0.8835355043411255
66,768.7478637695312,350.09771728515625,0.9736215472221375,605.1806640625,394.48846435546875,0.9753835201263428,607.2828369140625,537.3394775390625,0.9589844942092896,382.92633056640625,515.1258544921875,0.9702520370483398,309.5588073730469,602.1990356445312,0.9282920956611633
67,768.8165283203125,349.532958984375,0.9772918224334717,605.1171264648438,393.6377258300781,0.9729877710342407,607.5233154296875,535.5491333007812,0.9472445249557495,382.1660461425781,517.7791137695312,0.9785119295120239,306.3594055175781,599.0202026367188,0.8952391743659973
68,768.7823486328125,348.83843994140625,0.9734315872192383,605.6231689453125,392.487548828125,0.9706413745880127,608.0018920898438,533.7765502929688,0.9504355192184448,382.06231689453125,520.1817016601562,0.9737672805786133,297.6954650878906,602.4624633789062,0.9121190905570984
69,768.2061157226562,347.75518798828125,0.9794305562973022,605.130126953125,391.4367370605469,0.9755728244781494,607.806884765625,532.6554565429688,0.9129631519317627,382.4013977050781,522.5701293945312,0.9819152355194092,293.0470886230469,601.5490112304688,0.9016607999801636
70,768.0203857421875,345.6098937988281,0.9786214828491211,605.2534790039062,390.1477355957031,0.9790005683898926,607.9749145507812,531.9608154296875,0.9506498575210571,382.02032470703125,523.7459106445312,0.9741233587265015,290.2146301269531,598.4600830078125,0.879050076007843
71,767.9904174804688,344.0154724121094,0.9737948775291443,605.25927734375,389.2203369140625,0.9807612895965576,608.0632934570312,531.248779296875,0.9608869552612305,381.3837585449219,523.8968505859375,0.9741712808609009,288.3739013671875,594.8869018554688,0.8427150249481201
72,766.59326171875,341.61334228515625,0.9709911942481995,605.9614868164062,387.9864196777344,0.9837162494659424,609.9057006835938,531.7860717773438,0.9742691516876221,382.0274353027344,522.8742065429688,0.9790441989898682,280.3314514160156,599.816650390625,0.8645653128623962
73,766.4609985351562,340.3115539550781,0.9755615592002869,606.7320556640625,386.8944091796875,0.9844810366630554,612.9427490234375,532.7262573242188,0.9765810966491699,383.4991455078125,521.3882446289062,0.9761016368865967,286.3153076171875,593.144287109375,0.8529723286628723
74,766.1073608398438,338.0546875,0.9806898236274719,608.1233520507812,386.3912353515625,0.9856986999511719,617.4249267578125,534.3200073242188,0.9743993878364563,389.8697509765625,518.1787719726562,0.9507631063461304,291.4825439453125,587.6982421875,0.8832111358642578
75,767.1380615234375,333.963134765625,0.9750940799713135,611.3887329101562,384.7914733886719,0.983553409576416,620.693603515625,534.9229125976562,0.9683682322502136,393.32855224609375,516.8065185546875,0.9667727947235107,297.77227783203125,582.732666015625,0.8528074026107788
76,767.0206909179688,330.38836669921875,0.9821029901504517,613.5306396484375,384.1395568847656,0.9837406873703003,625.397705078125,537.6885986328125,0.9838749170303345,398.9084777832031,514.5946044921875,0.9646815657615662,301.804443359375,581.5743408203125,0.917429506778717
77,767.6806030273438,328.4732360839844,0.9822108745574951,615.410888671875,384.4002990722656,0.9820451736450195,632.7152099609375,539.2351684570312,0.9808458089828491,407.9714050292969,513.9122924804688,0.9473087787628174,307.2284240722656,582.9330444335938,0.8501214981079102
78,768.0198974609375,326.5918884277344,0.9833264350891113,618.6001586914062,383.1719970703125,0.9808571338653564,639.6637573242188,541.1441650390625,0.9705145359039307,415.6728515625,512.7369384765625,0.9521079659461975,321.6022644042969,581.3903198242188,0.9282820224761963
79,768.3445434570312,324.5968933105469,0.9869922995567322,620.6557006835938,382.8775634765625,0.9855114221572876,646.011962890625,542.373046875,0.98042231798172,426.7835998535156,509.15057373046875,0.9770476818084717,332.5950012207031,582.2091674804688,0.937015175819397
80,769.5936279296875,323.4040222167969,0.9893310070037842,623.779052734375,383.3284912109375,0.9841198325157166,652.8966674804688,545.58935546875,0.9773018956184387,437.53179931640625,506.1576843261719,0.9761643409729004,345.4205627441406,583.7256469726562,0.9093355536460876
81,771.0445556640625,322.0784912109375,0.9876089096069336,628.0721435546875,383.373291015625,0.9810377359390259,662.3932495117188,548.8727416992188,0.9858172535896301,449.0297546386719,500.3856201171875,0.9699721336364746,363.45025634765625,582.3441772460938,0.9322987198829651
82,772.8681030273438,319.61663818359375,0.9823306798934937,631.7781372070312,382.1444396972656,0.9834020137786865,669.6187133789062,549.516357421875,0.9843119382858276,460.2747497558594,492.2149658203125,0.9735704660415649,383.9308166503906,584.0355224609375,0.8989357948303223
83,773.4815063476562,318.19659423828125,0.9809479713439941,635.02978515625,380.3818664550781,0.9790279269218445,677.6361083984375,552.2819213867188,0.9848524332046509,472.1871032714844,484.9803466796875,0.9523065090179443,411.01373291015625,582.795654296875,0.9022903442382812
84,775.1019897460938,317.0074462890625,0.9774407148361206,636.5302734375,380.32568359375,0.9856934547424316,686.2633056640625,549.62060546875,0.9841045141220093,483.372314453125,476.9288024902344,0.9522996544837952,437.19189453125,582.2658081054688,0.9299402236938477
85,775.5692749023438,314.8227844238281,0.9791228771209717,640.8029174804688,378.0276184082031,0.9821856021881104,692.8553466796875,550.43359375,0.9912475347518921,495.86077880859375,473.8383483886719,0.9813623428344727,467.4416198730469,585.837646484375,0.9062626361846924
86,777.382080078125,313.0003967285156,0.9736989736557007,644.637939453125,375.665283203125,0.9798742532730103,700.6013793945312,546.1885986328125,0.9902174472808838,506.8351135253906,472.4721374511719,0.9774928092956543,496.68548583984375,582.9647827148438,0.8858747482299805
87,778.1714477539062,311.4210510253906,0.979009747505188,647.939208984375,373.54681396484375,0.9788114428520203,707.2532348632812,544.0364379882812,0.9867030382156372,519.94287109375,470.3035888671875,0.9587275385856628,526.2259521484375,581.487060546875,0.9226387739181519
88,779.584228515625,309.447998046875,0.972258448600769,649.7178344726562,372.66876220703125,0.9844858646392822,715.930419921875,540.8683471679688,0.9855131506919861,533.5249633789062,468.9172058105469,0.9677828550338745,552.9005126953125,582.2871704101562,0.8701674938201904
89,781.1284790039062,307.2745056152344,0.9755029082298279,651.8217163085938,371.2831115722656,0.991036593914032,724.7764892578125,539.260986328125,0.9965761303901672,544.3150634765625,470.9263916015625,0.9823571443557739,577.3475341796875,580.1026611328125,0.8710328340530396
90,782.8893432617188,305.5256652832031,0.9771627187728882,653.4821166992188,370.3553161621094,0.9914222359657288,734.0933227539062,536.4440307617188,0.9776678085327148,552.9404296875,474.41943359375,0.987252950668335,596.1217041015625,575.6746215820312,0.9079329967498779
91,784.3566284179688,302.63958740234375,0.9801986217498779,656.8489990234375,369.7210998535156,0.9853585958480835,741.3272705078125,534.6915283203125,0.9942893981933594,564.5524291992188,475.83880615234375,0.987799882888794,613.746826171875,574.6900024414062,0.9526488780975342
92,784.4764404296875,300.3535461425781,0.9856691360473633,661.0330200195312,369.03668212890625,0.9840734004974365,750.0606689453125,528.8618774414062,0.9879751205444336,572.8181762695312,483.808837890625,0.987899899482727,635.4605712890625,578.5739135742188,0.9088208675384521
93,785.3029174804688,298.36883544921875,0.9891567826271057,662.8370361328125,368.9910888671875,0.9840216636657715,757.1270751953125,525.5855102539062,0.9952672719955444,581.697021484375,489.3748474121094,0.9813789129257202,652.2532348632812,579.5083618164062,0.8839842081069946
94,785.3529663085938,296.5107727050781,0.9857360124588013,663.993896484375,368.3166198730469,0.9824817180633545,764.099365234375,523.2618408203125,0.9858683943748474,590.1572875976562,497.8133544921875,0.9862375259399414,666.0662231445312,579.6058349609375,0.917564868927002
95,785.2987060546875,295.38543701171875,0.9884176254272461,665.7236328125,367.7085266113281,0.9865938425064087,771.9561767578125,521.5758056640625,0.9964581727981567,598.0049438476562,504.2193298339844,0.9838297367095947,679.0266723632812,580.72802734375,0.9160918593406677
96,785.6393432617188,293.63055419921875,0.9913021326065063,666.7675170898438,367.99652099609375,0.9879361391067505,778.4806518554688,519.1403198242188,0.9835361242294312,606.9334106445312,513.8053588867188,0.9858716726303101,692.0770263671875,582.9537963867188,0.9160001277923584
97,785.6152954101562,292.49285888671875,0.9924097061157227,667.8795776367188,368.46905517578125,0.9884784817695618,783.7649536132812,517.4815063476562,0.9800456166267395,615.7783813476562,522.6074829101562,0.9822615385055542,707.3587036132812,587.8321533203125,0.9339454174041748
98,785.5009765625,291.11248779296875,0.9912229776382446,668.8152465820312,369.1525573730469,0.9878312945365906,786.8671875,516.6414794921875,0.990369439125061,623.6898803710938,531.0274658203125,0.9803887009620667,717.4005737304688,590.3085327148438,0.9271129965782166
99,785.2800903320312,290.1455383300781,0.9897178411483765,669.694580078125,370.3327941894531,0.9870041012763977,791.8043823242188,515.219970703125,0.9817242622375488,632.5625610351562,539.2943725585938,0.9833530187606812,730.848876953125,594.8209838867188,0.9177429676055908
100,785.0148315429688,289.87017822265625,0.9901393055915833,670.1739501953125,371.7825927734375,0.9862508177757263,796.3524169921875,514.7066040039062,0.9891457557678223,640.7898559570312,547.55126953125,0.9783190488815308,738.1353759765625,598.904541015625,0.8612364530563354
101,784.209716796875,289.74652099609375,0.9869054555892944,670.8833618164062,373.6094665527344,0.9824861288070679,798.5613403320312,514.574462890625,0.979128360748291,647.8426513671875,555.0634155273438,0.9817365407943726,748.0216674804688,604.761962890625,0.8814392685890198
102,783.6286010742188,289.70977783203125,0.9850420951843262,671.1637573242188,375.7965393066406,0.9750897884368896,800.460205078125,515.4187622070312,0.9774043560028076,653.7368774414062,560.545654296875,0.9785572290420532,756.52197265625,608.43798828125,0.9121061563491821
103,783.3416748046875,290.62738037109375,0.9871399402618408,671.6290893554688,377.3564147949219,0.9762688875198364,802.0734252929688,518.0084228515625,0.9883933067321777,660.0839233398438,566.1817016601562,0.9734398126602173,760.095458984375,612.9400024414062,0.8642194271087646
104,782.047607421875,291.7120056152344,0.9875854253768921,671.4642333984375,379.8205261230469,0.980381965637207,803.9774169921875,520.263916015625,0.989334225654602,663.7360229492188,571.0635375976562,0.9808361530303955,768.9479370117188,619.95166015625,0.8751298189163208
105,781.35546875,293.36407470703125,0.9865258932113647,670.2626953125,381.2274475097656,0.9814782738685608,804.4163208007812,522.3472290039062,0.9910761117935181,667.4777221679688,577.0780029296875,0.9622235298156738,764.5517578125,620.5673828125,0.8730242848396301
106,779.9344482421875,295.39605712890625,0.9879016876220703,669.7232666015625,383.9711608886719,0.9854543209075928,802.8878173828125,525.0692749023438,0.9847785234451294,662.9495849609375,574.003173828125,0.9691520929336548,758.1860961914062,619.8131713867188,0.8893864750862122
107,778.2975463867188,297.5422668457031,0.9873025417327881,668.7996826171875,388.02886962890625,0.9855778217315674,800.3705444335938,530.3902587890625,0.9779567718505859,656.1515502929688,570.251220703125,0.9853391647338867,749.8055419921875,620.9215698242188,0.878875732421875
108,778.9164428710938,300.18438720703125,0.9798784255981445,667.2808837890625,391.97882080078125,0.982172429561615,796.7857055664062,531.676513671875,0.984805703163147,649.0776977539062,568.7221069335938,0.9795044660568237,746.7631225585938,622.698974609375,0.8704031705856323
109,778.2459106445312,303.7657775878906,0.9795968532562256,665.6782836914062,394.3580627441406,0.9840686321258545,789.3699951171875,534.1889038085938,0.9876202344894409,643.84130859375,564.0991821289062,0.9764676094055176,737.9003295898438,621.991943359375,0.8699844479560852
110,776.6158447265625,307.82257080078125,0.9812601208686829,663.7216186523438,395.3329772949219,0.9864829778671265,784.6045532226562,536.8655395507812,0.9798911213874817,638.7899780273438,563.0315551757812,0.9831225275993347,728.3140869140625,620.0206909179688,0.891617476940155
111,774.2293090820312,310.2887878417969,0.9887686967849731,659.7991943359375,397.37237548828125,0.9859070777893066,778.3584594726562,537.5709838867188,0.9757163524627686,632.532470703125,560.5841064453125,0.9638462066650391,723.5308227539062,621.7827758789062,0.8904739618301392
112,773.5328979492188,311.47467041015625,0.9915674328804016,656.8538208007812,398.4593505859375,0.9765543937683105,772.9520263671875,538.3594360351562,0.9915969967842102,627.8876342773438,556.866455078125,0.9802952408790588,717.2127685546875,621.4825439453125,0.892340898513794
113,772.3047485351562,311.9653625488281,0.9898123741149902,654.19140625,397.9962158203125,0.9787507653236389,766.5870361328125,540.3153686523438,0.971560001373291,622.046875,555.9563598632812,0.9790940284729004,710.2199096679688,620.38427734375,0.8886948227882385
114,771.000732421875,312.33172607421875,0.987377405166626,651.8406982421875,398.07745361328125,0.9800035953521729,762.080322265625,540.2702026367188,0.9740378856658936,616.1209106445312,555.2376098632812,0.9708203673362732,705.5572509765625,621.8614501953125,0.8681924343109131
115,769.9530639648438,312.5234375,0.9853055477142334,650.3024291992188,397.585205078125,0.9767189621925354,756.6550903320312,541.2247924804688,0.9887534379959106,610.9999389648438,551.7621459960938,0.9733560085296631,695.5787963867188,619.7109375,0.8737775683403015
116,769.2522583007812,313.76763916015625,0.9859728813171387,648.8960571289062,398.6158752441406,0.9739212989807129,751.0330200195312,542.0459594726562,0.9642243981361389,607.0701904296875,550.0282592773438,0.9805984497070312,691.2744750976562,621.4014892578125,0.9022719860076904
117,768.9120483398438,314.8407897949219,0.9853963255882263,648.1973876953125,398.1575927734375,0.9787832498550415,748.1630249023438,543.8336791992188,0.9743078351020813,602.2117309570312,546.354248046875,0.9788633584976196,684.0453491210938,620.5296630859375,0.9064997434616089
118,769.1570434570312,315.3360290527344,0.9826359748840332,647.306396484375,397.34808349609375,0.984961748123169,743.443359375,545.4430541992188,0.9696486592292786,597.2601318359375,541.5576171875,0.9755162596702576,675.7826538085938,619.5447387695312,0.891965389251709
119,769.6470947265625,315.6984558105469,0.982814610004425,646.7036743164062,396.7061462402344,0.9869406819343567,740.327392578125,546.179443359375,0.9821897149085999,592.2769165039062,538.670166015625,0.978955864906311,667.9275512695312,619.6088256835938,0.8819354176521301
120,770.0611572265625,316.0574645996094,0.9821256399154663,646.6004638671875,395.9504089355469,0.9880357384681702,737.4681396484375,546.3685913085938,0.9741518497467041,589.1654663085938,536.8433837890625,0.9843676090240479,660.6959838867188,618.4320678710938,0.8782949447631836
121,771.6305541992188,316.0609130859375,0.9774531126022339,646.7044677734375,395.7698059082031,0.9888077974319458,735.156005859375,547.353515625,0.9807159900665283,585.4678955078125,534.0171508789062,0.9776197671890259,653.9893188476562,618.5076293945312,0.8854760527610779
122,772.6402587890625,315.9755554199219,0.9772970080375671,646.791748046875,395.1065368652344,0.9892394542694092,733.1339111328125,548.5465698242188,0.9852943420410156,582.3385009765625,530.7446899414062,0.9740370512008667,650.079345703125,619.443115234375,0.8801522254943848
123,773.8759155273438,315.6746826171875,0.9715470671653748,646.7193603515625,394.6368713378906,0.9892876148223877,730.9151611328125,549.9970703125,0.9854668974876404,578.5869750976562,525.1206665039062,0.9782836437225342,641.1497192382812,618.046630859375,0.8539836406707764
124,774.7135009765625,315.5037841796875,0.9698150157928467,647.2592163085938,394.5790710449219,0.9891210794448853,728.035400390625,551.7804565429688,0.9836153984069824,575.1979370117188,523.1011962890625,0.980156421661377,634.1700439453125,616.880859375,0.888695478439331
125,776.1259155273438,315.6956787109375,0.9645934104919434,648.2879638671875,394.06121826171875,0.9870340824127197,726.080810546875,551.864013671875,0.9869217872619629,572.1303100585938,521.141357421875,0.9832310676574707,624.9130249023438,613.7353515625,0.8989194631576538
126,778.920166015625,315.8430480957031,0.9454351663589478,649.2811889648438,393.58990478515625,0.9828786849975586,725.614990234375,551.9752197265625,0.9857073426246643,569.6390380859375,518.6166381835938,0.9796171188354492,618.746337890625,612.1751708984375,0.9110307097434998
127,782.2221069335938,317.2339782714844,0.9457860589027405,649.474609375,393.950439453125,0.9845538139343262,724.5498657226562,551.7105102539062,0.9866403341293335,567.2940673828125,515.8013305664062,0.9708226323127747,610.830322265625,610.4622802734375,0.936591625213623
128,784.0198974609375,317.18109130859375,0.9319714307785034,650.0149536132812,393.88507080078125,0.9866321682929993,724.4244384765625,551.8628540039062,0.9862790107727051,564.2643432617188,512.4271240234375,0.9763065576553345,604.7078247070312,610.4790649414062,0.9149253368377686
129,785.5281372070312,316.609130859375,0.942419171333313,651.0084228515625,393.64605712890625,0.987037718296051,724.4923706054688,552.6161499023438,0.9871354103088379,559.961181640625,511.0348815917969,0.9705499410629272,596.9412841796875,608.4072265625,0.9147460460662842
130,788.3543701171875,316.92431640625,0.9498562812805176,652.3012084960938,393.2109069824219,0.9831985831260681,725.314697265625,552.279296875,0.9842807054519653,557.872802734375,507.2415771484375,0.9832661151885986,589.8604736328125,609.3356323242188,0.9142687916755676
131,791.0213012695312,317.0267333984375,0.9550514221191406,654.2722778320312,392.2657775878906,0.9800662994384766,725.0674438476562,552.9818725585938,0.9870637655258179,554.9619750976562,506.09918212890625,0.987009584903717,582.3406982421875,606.4812622070312,0.9040025472640991
132,792.7369995117188,317.0398864746094,0.9570358395576477,656.8009643554688,391.44842529296875,0.9767661094665527,724.9906616210938,552.8115234375,0.9858485460281372,551.8280639648438,505.0827331542969,0.9700143337249756,576.6473388671875,605.912109375,0.8900322318077087
133,796.0559692382812,318.4559020996094,0.948813796043396,660.136474609375,389.99322509765625,0.9832411408424377,724.7144775390625,552.7947998046875,0.9881650805473328,548.5130615234375,502.40496826171875,0.974118709564209,570.0106201171875,604.809814453125,0.9297856688499451
134,800.4091796875,319.4237365722656,0.9473686218261719,662.2689819335938,388.8989562988281,0.9851381778717041,724.8576049804688,551.8555297851562,0.9856324195861816,544.901123046875,500.56634521484375,0.9840288758277893,561.0761108398438,603.1510009765625,0.8792005777359009
135,803.29345703125,319.497802734375,0.9547117948532104,664.3032836914062,388.4209899902344,0.9809926748275757,724.70458984375,551.3316650390625,0.9876079559326172,541.409423828125,497.78936767578125,0.984392523765564,555.7683715820312,602.9487915039062,0.9105380773544312
136,806.6400756835938,319.997314453125,0.9432936906814575,666.06787109375,387.82891845703125,0.986142635345459,723.7006225585938,550.1682739257812,0.987534761428833,539.270751953125,496.7247314453125,0.9764708280563354,548.6261596679688,602.1134033203125,0.8927614688873291
137,809.3428955078125,320.271484375,0.9503047466278076,668.0146484375,386.90087890625,0.988415539264679,723.9668579101562,548.641357421875,0.9864497184753418,535.8383178710938,493.88818359375,0.9605567455291748,541.61962890625,602.40673828125,0.8533813953399658
138,812.81005859375,321.49127197265625,0.9633926749229431,669.7109985351562,385.8256530761719,0.9896997213363647,723.9075317382812,547.644287109375,0.9837762117385864,532.845947265625,492.8490905761719,0.9771218299865723,534.7965698242188,598.4317626953125,0.8605592250823975
139,817.3280029296875,323.326416015625,0.9578569531440735,673.0885620117188,385.5947570800781,0.9797287583351135,723.1112670898438,545.8707885742188,0.9776533842086792,528.5702514648438,492.1665954589844,0.9763532876968384,530.0986938476562,601.4776000976562,0.8649482727050781
140,819.8399047851562,324.12420654296875,0.9753597378730774,676.5416259765625,384.18670654296875,0.9817272424697876,722.9762573242188,543.1509399414062,0.9765826463699341,525.5269165039062,491.8596496582031,0.9802641868591309,523.5478515625,597.9254760742188,0.8899554014205933
141,821.7891845703125,324.55645751953125,0.9684363603591919,678.4700927734375,383.9591064453125,0.9794456958770752,722.6212768554688,541.6377563476562,0.9808810949325562,523.09765625,491.69384765625,0.9826355576515198,515.5140991210938,595.2579345703125,0.9019702672958374
142,826.2847290039062,325.8297119140625,0.9581067562103271,681.2442016601562,382.3415222167969,0.9778784513473511,721.6798095703125,541.0040893554688,0.9747185707092285,519.53564453125,491.3033752441406,0.9711586833000183,509.3506164550781,594.8262939453125,0.9320963621139526
143,830.0433349609375,327.2706298828125,0.9613948464393616,683.5369262695312,382.011474609375,0.9848114848136902,719.50048828125,540.3059692382812,0.9622575044631958,516.401611328125,490.0216979980469,0.9754536151885986,501.9352111816406,593.2044067382812,0.9225071668624878
144,832.2577514648438,329.64874267578125,0.9612753987312317,685.7584228515625,381.8548889160156,0.9868569374084473,720.8411865234375,539.643798828125,0.9686124920845032,511.64080810546875,489.9463195800781,0.9748522043228149,496.11334228515625,593.13330078125,0.8951680064201355
145,834.4081420898438,330.823974609375,0.9629053473472595,687.8419189453125,382.7408142089844,0.9811134338378906,720.21142578125,539.3621215820312,0.9644635319709778,509.16387939453125,489.7915954589844,0.979601263999939,490.30731201171875,591.01318359375,0.9059698581695557
146,836.251220703125,332.4547424316406,0.9635262489318848,692.1246948242188,383.4486389160156,0.9817662239074707,719.985595703125,538.7322387695312,0.9582744836807251,505.412841796875,490.2636413574219,0.977599024772644,483.4833679199219,593.9867553710938,0.9118379354476929
147,838.6441650390625,334.0827941894531,0.9643465280532837,694.0477294921875,384.316162109375,0.9817765355110168,717.0692749023438,538.728759765625,0.9603222608566284,502.8082275390625,489.4275817871094,0.9690996408462524,476.1794738769531,594.236572265625,0.9190654754638672
148,841.655517578125,335.6341552734375,0.9560078382492065,695.6698608398438,385.4412536621094,0.9776588678359985,715.494384765625,538.6630859375,0.9657323956489563,499.2542419433594,489.1946105957031,0.9730955362319946,469.69354248046875,589.751953125,0.9204024076461792
149,845.12841796875,338.54962158203125,0.9657477736473083,697.2470092773438,387.05755615234375,0.9828163385391235,712.3941040039062,538.6026611328125,0.9637742638587952,495.519287109375,489.94610595703125,0.9730349779129028,462.16229248046875,593.449951171875,0.8659820556640625
150,847.7908325195312,340.8416442871094,0.9524251222610474,698.2299194335938,388.7840881347656,0.9824533462524414,710.927490234375,537.8676147460938,0.9799740314483643,492.70635986328125,490.8394470214844,0.9777243733406067,455.0497741699219,588.9959716796875,0.9289170503616333
151,850.1396484375,343.2488708496094,0.9551209211349487,698.8820190429688,390.51092529296875,0.9842489957809448,710.1859130859375,537.8021240234375,0.9803163409233093,490.3359375,491.5737609863281,0.9685154557228088,450.18804931640625,588.084716796875,0.9119018316268921
152,853.8682250976562,347.68682861328125,0.9661409854888916,700.343994140625,393.3426818847656,0.9786312580108643,709.4740600585938,538.021240234375,0.9829286336898804,488.1991882324219,491.39337158203125,0.9691516160964966,443.7205810546875,587.9092407226562,0.8869166374206543
153,855.2203369140625,349.3094482421875,0.9517566561698914,701.9537353515625,394.88555908203125,0.9790501594543457,708.8424072265625,538.1211547851562,0.9845604300498962,486.3904724121094,491.75335693359375,0.9771334528923035,436.397705078125,587.8545532226562,0.9141455888748169
154,858.1453247070312,351.2041015625,0.9354968070983887,705.5567626953125,395.1985168457031,0.9814232587814331,708.7181396484375,537.8414916992188,0.98140549659729,485.5711669921875,492.05474853515625,0.9729692935943604,433.1964416503906,583.5861206054688,0.864587664604187
155,860.6143798828125,353.5684509277344,0.9517720937728882,708.262451171875,396.24835205078125,0.9874199628829956,708.828125,537.752685546875,0.9838209748268127,484.8096008300781,492.91650390625,0.9650387763977051,427.3902282714844,583.3178100585938,0.8596992492675781
156,862.9515991210938,355.68841552734375,0.958853542804718,710.4697875976562,397.1245422363281,0.9875250458717346,707.8938598632812,537.3262329101562,0.9810267686843872,484.4053955078125,493.7242431640625,0.961207926273346,419.6853942871094,585.888671875,0.911252498626709
157,865.3413696289062,357.2206115722656,0.9759641885757446,712.630859375,397.59124755859375,0.9829774498939514,708.2869873046875,535.9793701171875,0.9771955013275146,484.2640075683594,497.0875244140625,0.9171396493911743,416.6786193847656,585.0647583007812,0.8563170433044434
158,866.9859008789062,358.2677917480469,0.9831665754318237,714.4940795898438,396.90826416015625,0.9776341915130615,708.4290161132812,535.0654296875,0.9811831712722778,480.2288513183594,499.6849365234375,0.9308099746704102,411.85772705078125,581.5692138671875,0.8256981372833252
159,868.1076049804688,359.0127258300781,0.9835861921310425,715.6104125976562,397.00054931640625,0.9823353886604309,709.0802001953125,534.7382202148438,0.9822667837142944,480.1808776855469,502.4542541503906,0.9311704039573669,404.5977478027344,581.4039916992188,0.9078896045684814
160,868.7098388671875,358.7342529296875,0.9810371994972229,716.1470336914062,398.0240783691406,0.9837192893028259,709.9249267578125,534.1278076171875,0.9866058826446533,482.96490478515625,504.96014404296875,0.940299391746521,402.6891174316406,580.1482543945312,0.8708195686340332
161,870.6561279296875,358.2018737792969,0.9733641147613525,717.4067993164062,398.327880859375,0.9842512607574463,711.51513671875,534.3638305664062,0.982668399810791,485.3051452636719,507.4533996582031,0.9575991034507751,395.7978210449219,581.0446166992188,0.8171472549438477
162,871.19873046875,358.061767578125,0.9755259156227112,719.3961791992188,398.8239440917969,0.9773421287536621,714.986572265625,533.9423828125,0.9786914587020874,488.8882751464844,509.2403259277344,0.9435067176818848,395.28021240234375,578.4254760742188,0.8682677745819092
163,874.297607421875,357.0657043457031,0.9711652994155884,723.5852661132812,399.1758728027344,0.9808918237686157,718.9892578125,535.4343872070312,0.9606950283050537,492.53631591796875,510.1806945800781,0.9449148178100586,391.00433349609375,577.7325439453125,0.8050507307052612
164,874.9633178710938,355.48193359375,0.9750258922576904,726.4410400390625,399.3622741699219,0.9771489500999451,723.052001953125,537.6397094726562,0.9846053123474121,500.30859375,512.5410766601562,0.9459612369537354,400.96026611328125,571.5973510742188,0.8152550458908081
165,876.129150390625,353.2197570800781,0.972839891910553,729.3233642578125,399.6974182128906,0.9767634868621826,729.08642578125,539.8507690429688,0.9819009304046631,506.1847839355469,514.9444580078125,0.9658311605453491,402.5458068847656,571.4921264648438,0.8927421569824219
166,877.1465454101562,352.1605529785156,0.9672348499298096,731.171142578125,400.8403625488281,0.9845237135887146,736.8905029296875,542.8810424804688,0.9599486589431763,515.2930908203125,515.1002807617188,0.9468858242034912,401.9532165527344,572.044677734375,0.8848435878753662
167,879.0439453125,349.8030700683594,0.9575419425964355,733.5481567382812,402.680908203125,0.9873562455177307,744.7764282226562,548.3262939453125,0.9786268472671509,523.9620971679688,515.2332763671875,0.966323971748352,418.4874267578125,568.38623046875,0.8691201210021973
168,880.030517578125,347.0345458984375,0.9756054282188416,735.7132568359375,404.4584655761719,0.9862207174301147,751.4547729492188,553.8330688476562,0.977577805519104,536.322998046875,514.8726196289062,0.9439202547073364,434.86395263671875,567.039306640625,0.9013921618461609
169,881.1661987304688,344.5320739746094,0.9831980466842651,740.6304321289062,404.87347412109375,0.985787034034729,760.5928344726562,555.8656005859375,0.985400915145874,548.7793579101562,513.4248046875,0.9263986349105835,447.47149658203125,567.0352172851562,0.9217828512191772
170,881.1351318359375,341.5253601074219,0.9856353998184204,743.2101440429688,405.20343017578125,0.9849991798400879,768.541259765625,562.443115234375,0.9813359975814819,558.229248046875,509.4809265136719,0.9578430652618408,461.6741638183594,570.7701416015625,0.8889551162719727
171,882.244384765625,339.015625,0.9858235120773315,745.8822631835938,405.68084716796875,0.9866892099380493,777.4765625,562.7066040039062,0.9823440909385681,572.38818359375,506.9449462890625,0.9749560952186584,478.83172607421875,574.6019897460938,0.9411017894744873
172,883.9148559570312,337.6463928222656,0.9805065989494324,749.265380859375,405.22454833984375,0.9889190196990967,787.6726684570312,564.7730712890625,0.9896072745323181,586.7847290039062,502.3260803222656,0.9743064641952515,497.3993225097656,583.6842041015625,0.9231525659561157
173,886.6148681640625,335.4271240234375,0.973914623260498,756.4044799804688,403.03546142578125,0.987191915512085,797.7548828125,564.8292236328125,0.9887987375259399,600.5275268554688,496.57830810546875,0.9290119409561157,528.1337890625,587.816162109375,0.9297140836715698
174,888.2008056640625,334.28759765625,0.9665818214416504,759.8626708984375,401.29718017578125,0.9795969724655151,807.5361938476562,563.758056640625,0.9874001145362854,613.9129028320312,490.5869140625,0.9448265433311462,556.8820190429688,591.0484619140625,0.9367669820785522
175,890.734619140625,332.41162109375,0.974223256111145,764.0520629882812,397.820556640625,0.9900859594345093,816.4506225585938,561.48193359375,0.9812008142471313,629.2689208984375,486.1935729980469,0.9505919814109802,588.7232666015625,592.7457885742188,0.9696037173271179
176,893.8279418945312,330.6474914550781,0.9745054244995117,768.3994140625,396.5544128417969,0.9889016151428223,825.3138427734375,557.0496215820312,0.9875008463859558,643.7387084960938,479.439208984375,0.9525495767593384,621.24853515625,594.2774658203125,0.979124903678894
177,895.9950561523438,328.418212890625,0.9774787425994873,774.4486083984375,392.9176330566406,0.9872106313705444,835.927490234375,555.0302734375,0.9936923980712891,655.2963256835938,476.6302795410156,0.9861903190612793,652.6397705078125,588.2627563476562,0.9673682451248169
178,897.057861328125,326.56072998046875,0.9896905422210693,776.999755859375,390.8109130859375,0.9858092665672302,843.865478515625,553.722412109375,0.9847992658615112,668.6481323242188,475.01300048828125,0.9906073808670044,685.2108154296875,586.5896606445312,0.8984993100166321
179,898.5888671875,324.6769104003906,0.9917303323745728,779.5023803710938,388.2998962402344,0.9910863637924194,854.4989013671875,549.8390502929688,0.9908460378646851,681.0650634765625,475.4332580566406,0.9817750453948975,709.9935302734375,581.19580078125,0.9372445344924927
180,899.43310546875,322.84130859375,0.9909366369247437,782.8189086914062,386.409912109375,0.990811288356781,863.623046875,545.0446166992188,0.9785445332527161,693.609375,474.0909729003906,0.987869381904602,733.1784057617188,581.4381103515625,0.9240238666534424
181,902.100830078125,320.085693359375,0.9809446930885315,788.9271240234375,384.6612548828125,0.987380862236023,872.9883422851562,540.0673217773438,0.9888385534286499,705.371826171875,475.6503601074219,0.9878209829330444,753.5712280273438,578.6973876953125,0.9193565845489502
182,902.176025390625,316.9879455566406,0.985702395439148,791.2200317382812,384.2710876464844,0.9811238050460815,880.8800659179688,537.4632568359375,0.9903006553649902,715.0839233398438,480.4366455078125,0.9863536357879639,773.3072509765625,577.87646484375,0.899319589138031
183,903.6044921875,315.2862854003906,0.9827958345413208,794.1668090820312,383.3422546386719,0.9906629920005798,890.7884521484375,532.745849609375,0.987336277961731,726.3327026367188,486.1175231933594,0.9789046049118042,788.8992309570312,575.4774169921875,0.9356699585914612
184,905.1868896484375,313.2525634765625,0.9808208346366882,796.3380126953125,383.3597106933594,0.991459846496582,898.6884155273438,530.8218383789062,0.9868963956832886,733.5000610351562,492.0434265136719,0.9848747253417969,806.250244140625,574.1688232421875,0.9198765754699707
185,906.189453125,311.613037109375,0.985873818397522,798.6137084960938,384.2055358886719,0.9897119998931885,906.6032104492188,527.5155029296875,0.9775164127349854,744.2191162109375,499.03387451171875,0.9774034023284912,821.7894287109375,576.154296875,0.9155282378196716
186,909.6732177734375,310.587158203125,0.9899075627326965,804.284423828125,384.8869323730469,0.9892727136611938,912.6702270507812,525.2394409179688,0.9838230609893799,754.0093994140625,507.5715637207031,0.9856569766998291,834.9816284179688,578.2062377929688,0.9292927384376526
187,911.4262084960938,310.27996826171875,0.9885541796684265,806.3997192382812,386.7796936035156,0.9876930713653564,919.2537231445312,524.5223388671875,0.9891781806945801,761.5899047851562,518.010009765625,0.9778846502304077,849.8292236328125,585.2871704101562,0.8844703435897827
188,913.790283203125,311.6838073730469,0.9892325401306152,808.4491577148438,389.17144775390625,0.9865453839302063,923.95849609375,524.324462890625,0.9840168952941895,770.39990234375,524.8355102539062,0.9836866855621338,860.6306762695312,586.6749877929688,0.9288946986198425
189,914.9178466796875,311.78826904296875,0.9894517660140991,810.0086059570312,391.9716491699219,0.9863324165344238,930.628173828125,524.5359497070312,0.9900065660476685,778.3525390625,537.5287475585938,0.9811843633651733,871.3229370117188,588.3925170898438,0.8874192237854004
190,915.5443115234375,312.0447998046875,0.9912177324295044,812.1583862304688,395.2323303222656,0.9871537089347839,935.6659545898438,525.662841796875,0.9870611429214478,787.0846557617188,544.4354858398438,0.9750087261199951,883.1019287109375,592.3140258789062,0.8639167547225952
191,916.3314819335938,313.14068603515625,0.9900233745574951,814.4390258789062,397.86834716796875,0.9839651584625244,939.7356567382812,527.30029296875,0.9829010963439941,791.2984008789062,552.3677368164062,0.974190354347229,896.250732421875,597.8421630859375,0.8467429280281067
192,918.044921875,314.4983215332031,0.9905420541763306,818.1654052734375,399.38916015625,0.9805039167404175,942.5902709960938,529.4330444335938,0.9863427877426147,798.0035400390625,560.2918090820312,0.972177267074585,898.7161254882812,603.438232421875,0.8648439645767212
193,918.4395751953125,315.9163513183594,0.9896913766860962,819.27587890625,402.9631042480469,0.985130250453949,944.57080078125,532.7151489257812,0.9867396950721741,804.1298828125,566.0602416992188,0.9790266752243042,903.5725708007812,605.2077026367188,0.8558262586593628
194,919.1331176757812,318.1257629394531,0.9869711995124817,820.2288818359375,407.388671875,0.9802300333976746,946.7040405273438,535.2767333984375,0.9892323017120361,805.9968872070312,570.7886352539062,0.9829637408256531,908.6609497070312,612.33203125,0.9147911071777344
195,920.4307250976562,320.73529052734375,0.9805508852005005,821.3977661132812,411.05029296875,0.990692138671875,948.2548217773438,538.8905639648438,0.9931168556213379,806.7394409179688,572.3097534179688,0.9817709922790527,909.7045288085938,612.5567016601562,0.8821579217910767
196,920.4627075195312,323.33428955078125,0.9821326732635498,822.0948486328125,414.5814208984375,0.9826644659042358,947.5107421875,542.1405029296875,0.9887759685516357,804.092041015625,571.211669921875,0.9888197779655457,907.0611572265625,612.2725219726562,0.899910569190979
197,920.73388671875,325.7826232910156,0.9854394197463989,822.300048828125,417.4106140136719,0.9833188056945801,944.9699096679688,546.6965942382812,0.9819152355194092,798.9208984375,568.9684448242188,0.9821218252182007,898.1561279296875,610.8850708007812,0.8954017758369446
198,923.1378784179688,329.0758361816406,0.9865177869796753,822.3884887695312,420.474365234375,0.9841991066932678,943.5213012695312,550.2271118164062,0.9871828556060791,792.3352661132812,564.043212890625,0.9685533046722412,885.0789794921875,608.9974365234375,0.9239704012870789
199,926.6369018554688,332.3789367675781,0.9793381690979004,821.8583374023438,423.2669677734375,0.981364369392395,937.2086791992188,552.8496704101562,0.9823905825614929,787.30908203125,558.0175170898438,0.9772143363952637,881.2735595703125,610.1786499023438,0.8609797954559326
200,928.4232788085938,334.44647216796875,0.9782580137252808,821.0670776367188,424.7550964355469,0.9866738319396973,931.87890625,554.4835815429688,0.9937757849693298,780.3719482421875,556.344970703125,0.9759244322776794,870.2941284179688,609.0675659179688,0.9278231859207153
201,929.1405639648438,337.76116943359375,0.9820817708969116,819.8713989257812,425.4153747558594,0.9892716407775879,925.997314453125,557.2077026367188,0.982754111289978,774.4819946289062,552.3294677734375,0.9684305191040039,866.3997802734375,610.6717529296875,0.9001612663269043
202,929.9149169921875,338.8672180175781,0.9852021336555481,818.7619018554688,425.64166259765625,0.9887228012084961,921.7312622070312,560.561767578125,0.9790640473365784,770.5941772460938,548.484130859375,0.9808323383331299,859.4834594726562,611.3408813476562,0.9139207601547241
203,930.3623657226562,340.4556884765625,0.9854855537414551,817.5430297851562,425.3602600097656,0.9863693714141846,915.2967529296875,564.0670166015625,0.991146445274353,764.7888793945312,545.7692260742188,0.9854010939598083,852.2826538085938,610.9640502929688,0.894991934299469
204,930.9730224609375,340.85736083984375,0.9820666313171387,816.42724609375,424.7635498046875,0.981621265411377,911.9180908203125,563.1180419921875,0.9810560941696167,760.3705444335938,542.3507690429688,0.9711873531341553,843.8220825195312,608.8433227539062,0.9009498357772827
205,931.0824584960938,340.9037170410156,0.9808245897293091,815.4478759765625,424.5277099609375,0.9789189100265503,908.1287841796875,564.0119018554688,0.9867161512374878,756.610107421875,538.1380004882812,0.9793158769607544,834.4498901367188,608.0774536132812,0.9336050152778625
206,931.7392578125,341.202880859375,0.9819008111953735,814.5357055664062,422.6664123535156,0.9854750037193298,903.5569458007812,564.7991943359375,0.9847371578216553,752.3890380859375,534.9942626953125,0.97222900390625,829.4086303710938,608.9630737304688,0.9077050685882568
207,932.5081176757812,340.4503173828125,0.9789131879806519,814.1869506835938,421.1446533203125,0.9886165857315063,900.6257934570312,565.4390258789062,0.9892584085464478,748.8592529296875,531.1533813476562,0.9834380149841309,822.2178344726562,607.5554809570312,0.9154211282730103
208,933.4150390625,340.1119079589844,0.9728767275810242,814.0269775390625,419.4246826171875,0.988925576210022,897.134521484375,565.1244506835938,0.9865908622741699,744.9136962890625,525.4470825195312,0.9711226224899292,814.4635009765625,606.079345703125,0.8929334878921509
209,934.959716796875,340.3042297363281,0.9592297077178955,813.919677734375,417.7847900390625,0.9900990128517151,894.4019775390625,565.4788818359375,0.9847420454025269,741.7408447265625,521.1371459960938,0.9763579368591309,806.4099731445312,603.57373046875,0.9458117485046387
210,938.6919555664062,339.9595031738281,0.959047794342041,814.3653564453125,416.2579345703125,0.9893955588340759,892.309814453125,565.2383422851562,0.9870778322219849,739.6118774414062,516.95166015625,0.973680853843689,801.1416015625,604.3424072265625,0.9035520553588867
211,940.9061889648438,340.18194580078125,0.9638104438781738,814.967041015625,414.9110412597656,0.9865865111351013,890.2864379882812,565.3255615234375,0.9827274084091187,738.1495971679688,512.2505493164062,0.9691165685653687,789.9547119140625,599.7817993164062,0.9365692138671875
212,942.7063598632812,340.0143737792969,0.9612212777137756,815.4813232421875,413.7857971191406,0.9822832942008972,888.1262817382812,565.76025390625,0.9789422154426575,733.7900390625,508.6635437011719,0.9737357497215271,786.7588500976562,601.7958984375,0.9028769731521606
213,944.9190063476562,340.0696716308594,0.9728003740310669,817.0890502929688,413.2658996582031,0.985480546951294,886.7354125976562,565.8826293945312,0.9836691617965698,732.1221313476562,506.6028747558594,0.9774418473243713,780.1531982421875,600.0903930664062,0.8766717910766602
214,946.2625122070312,339.74407958984375,0.9751555919647217,817.989501953125,412.1465148925781,0.9888025522232056,886.2977905273438,565.297607421875,0.9852409362792969,730.1035766601562,503.0253601074219,0.9653051495552063,773.2492065429688,598.6727905273438,0.9212123155593872
215,947.1762084960938,339.36492919921875,0.9773131608963013,819.2745971679688,411.13232421875,0.9896353483200073,885.8603515625,565.0214233398438,0.9838899374008179,727.613525390625,499.9805603027344,0.9549993276596069,766.9506225585938,598.963134765625,0.8746013641357422
216,948.616455078125,339.31719970703125,0.9695918560028076,820.3712158203125,410.08941650390625,0.9891447424888611,886.0106201171875,565.2094116210938,0.985123872756958,725.845947265625,496.12078857421875,0.970309853553772,759.311767578125,596.900634765625,0.8972724676132202
217,950.3919067382812,339.3291320800781,0.9593997001647949,821.4307861328125,409.0833740234375,0.9860180616378784,886.5817260742188,565.6371459960938,0.9858448505401611,723.3485717773438,493.2248229980469,0.9783310890197754,753.345458984375,595.82763671875,0.9343159198760986
218,954.4476318359375,340.6578674316406,0.9599343538284302,823.1011962890625,408.4043884277344,0.98299241065979,887.1719970703125,565.2465209960938,0.9852941632270813,720.0848388671875,491.62188720703125,0.9774972200393677,749.2625122070312,597.2463989257812,0.8939286470413208
219,956.8473510742188,341.9483642578125,0.976385235786438,824.510009765625,408.23895263671875,0.9772034883499146,887.7705688476562,564.4166259765625,0.9799139499664307,718.1207275390625,491.431396484375,0.977001428604126,741.3838500976562,595.2055053710938,0.9274336099624634
220,961.2667236328125,343.81646728515625,0.9623547792434692,825.333984375,407.2956848144531,0.9804306030273438,888.1615600585938,563.9887084960938,0.9775543808937073,714.5557861328125,490.9447326660156,0.9709071516990662,736.126220703125,594.4280395507812,0.910547137260437
221,962.8937377929688,343.1062316894531,0.9543597102165222,826.68212890625,406.1470947265625,0.9860827922821045,887.4661865234375,563.2459106445312,0.9818680286407471,710.6656494140625,488.194091796875,0.9629040956497192,730.7421875,594.825927734375,0.8988418579101562
222,964.5551147460938,343.2390441894531,0.953255832195282,828.20751953125,404.74200439453125,0.989181399345398,887.3353881835938,561.779296875,0.9791054725646973,707.1097412109375,487.3804931640625,0.9669510126113892,723.4470825195312,593.3167724609375,0.9180697202682495
223,966.3577880859375,344.3216247558594,0.9576797485351562,830.0795288085938,403.7774963378906,0.9889373779296875,887.3572387695312,561.43896484375,0.9795366525650024,703.2797241210938,487.0000305175781,0.9803930521011353,718.4501342773438,596.0869750976562,0.9003194570541382
224,970.442626953125,344.660400390625,0.9488500356674194,835.169189453125,402.356689453125,0.9839826226234436,886.4653930664062,561.3101806640625,0.981139063835144,699.3973388671875,485.61053466796875,0.9747536778450012,709.9103393554688,590.58056640625,0.9258180260658264
225,973.105712890625,345.828369140625,0.9423837065696716,837.3234252929688,402.13507080078125,0.9831514358520508,885.619140625,560.8004150390625,0.9842348694801331,694.8055419921875,485.3728942871094,0.967136025428772,704.6329345703125,590.3053588867188,0.8523983359336853
226,976.2020263671875,349.2568359375,0.9666283130645752,838.6345825195312,401.6399230957031,0.9797906875610352,884.0926513671875,558.248291015625,0.983299732208252,691.8834228515625,483.44384765625,0.9724477529525757,697.8729248046875,590.83984375,0.9044166803359985
227,978.626953125,350.1249694824219,0.9700736999511719,839.5689697265625,401.1805725097656,0.9770938158035278,881.7879638671875,557.0728149414062,0.9758373498916626,687.0228271484375,482.4100646972656,0.9822603464126587,690.4625244140625,588.653076171875,0.925835371017456
228,980.6915893554688,351.9803161621094,0.9770306348800659,841.0785522460938,400.990478515625,0.9836680889129639,879.497802734375,556.5468139648438,0.961951494216919,684.5104370117188,481.9410095214844,0.9811315536499023,684.3575439453125,590.3690795898438,0.8942148685455322
229,981.6734008789062,351.5596923828125,0.9690793752670288,842.4008178710938,401.016357421875,0.9863569736480713,878.4963989257812,556.8388061523438,0.964134693145752,680.9573364257812,481.2463684082031,0.9635769128799438,677.9584350585938,589.9116821289062,0.9324861764907837
230,984.2476196289062,353.59783935546875,0.9669123888015747,843.4246826171875,401.401611328125,0.9882360696792603,876.0873413085938,556.37646484375,0.9732009172439575,677.6920776367188,479.8837890625,0.9615482687950134,672.3526611328125,588.2333984375,0.8465392589569092
231,986.4947509765625,355.8656921386719,0.9606994390487671,844.3587646484375,402.3864440917969,0.9901419878005981,874.2222900390625,556.1560668945312,0.9720728397369385,672.184814453125,479.5814208984375,0.9587987661361694,665.0911865234375,588.0684814453125,0.8847241401672363
232,988.9559936523438,358.288818359375,0.9590517282485962,845.5718383789062,403.47705078125,0.9903144836425781,871.5079345703125,556.517578125,0.9803882837295532,669.0350952148438,478.9215393066406,0.9703850746154785,658.5997924804688,588.0877075195312,0.9393472671508789
233,991.4122924804688,360.93505859375,0.9469382762908936,847.4304809570312,405.04248046875,0.985892653465271,870.5629272460938,556.8157958984375,0.9813036918640137,666.1033325195312,477.8898010253906,0.9739528894424438,652.053466796875,589.0552368164062,0.9069177508354187
234,993.0260009765625,361.2690124511719,0.9613423943519592,848.7440185546875,406.91693115234375,0.977044939994812,870.3984985351562,557.0465698242188,0.9802950620651245,663.2073974609375,476.9288635253906,0.9558709859848022,646.0614624023438,587.3935546875,0.9165622591972351
235,994.9913940429688,362.49310302734375,0.9637618064880371,851.03662109375,407.2329406738281,0.9809203147888184,868.0552368164062,557.1397705078125,0.9778008460998535,659.2595825195312,477.0273742675781,0.9596278667449951,638.4815673828125,588.4384155273438,0.8873336315155029
236,996.2561645507812,363.4757995605469,0.9649003744125366,851.5333251953125,408.2657775878906,0.9806149005889893,865.2435913085938,556.9254760742188,0.9537378549575806,654.4619140625,476.8886413574219,0.9597904682159424,631.4161987304688,589.185791015625,0.9047813415527344
237,997.2135009765625,363.9416198730469,0.9672505855560303,851.97216796875,409.03179931640625,0.9843193292617798,862.7894287109375,556.3729248046875,0.9549663066864014,652.0384521484375,476.89508056640625,0.9708006978034973,624.6079711914062,587.9702758789062,0.8620162010192871
238,998.1774291992188,364.78656005859375,0.9671980142593384,852.681396484375,409.7474365234375,0.9852011799812317,860.2498168945312,556.4772338867188,0.9673274755477905,648.8314819335938,477.4595642089844,0.9544460773468018,616.2118530273438,586.3512573242188,0.9055503010749817
239,999.121337890625,365.9524230957031,0.9612453579902649,853.2694091796875,410.2255554199219,0.9868990778923035,857.395263671875,555.6358032226562,0.9719992876052856,647.2592163085938,477.21319580078125,0.9535108208656311,610.71728515625,581.5379638671875,0.9133480191230774
240,999.8781127929688,366.3721008300781,0.9531899690628052,853.4694213867188,410.4201354980469,0.9875584840774536,855.9854736328125,555.174072265625,0.978988766670227,645.1107177734375,477.25799560546875,0.958001971244812,604.3472900390625,580.9910278320312,0.9196672439575195
241,1000.808349609375,367.6595458984375,0.9618340730667114,853.8313598632812,410.6009826660156,0.9883292317390442,854.5282592773438,554.2437133789062,0.9838147759437561,642.7847900390625,477.2929992675781,0.958926260471344,597.7581176757812,579.5386962890625,0.9253941774368286
242,1001.1276245117188,368.1596984863281,0.9656796455383301,853.862060546875,410.5256042480469,0.9892789125442505,853.8051147460938,553.4521484375,0.9815371632575989,641.004150390625,477.4042053222656,0.9638744592666626,593.4091796875,580.336669921875,0.9309265613555908
243,1001.7516479492188,368.2369689941406,0.9630100727081299,853.8670043945312,410.5398254394531,0.9894362688064575,852.439453125,551.9171752929688,0.9812480807304382,636.4132080078125,479.6461486816406,0.9701482057571411,585.5679931640625,579.3700561523438,0.8966001272201538
244,1001.8466796875,368.1788635253906,0.9622526168823242,853.47607421875,410.4780578613281,0.9897584915161133,851.2291259765625,550.7850341796875,0.9788978099822998,634.65283203125,481.03955078125,0.9662739038467407,579.33251953125,576.8291015625,0.9350336790084839
245,1001.5839233398438,368.58416748046875,0.9620123505592346,853.5682373046875,409.85009765625,0.989014744758606,849.3646850585938,549.8500366210938,0.9781171083450317,632.5748901367188,482.1429443359375,0.9614801406860352,573.7181396484375,576.7186889648438,0.8472833633422852
246,1000.843994140625,368.33258056640625,0.9599805474281311,853.0982055664062,409.50885009765625,0.9875686168670654,848.48095703125,548.603271484375,0.9730960130691528,631.5481567382812,483.4928283691406,0.9640647172927856,568.8729858398438,577.7163696289062,0.8733901977539062
247,1000.2883911132812,368.912109375,0.9655795097351074,852.875732421875,408.7413635253906,0.9861174821853638,847.4503784179688,547.2869873046875,0.9692608714103699,630.2965087890625,484.9822082519531,0.9691151976585388,563.613037109375,573.0274658203125,0.8722705245018005
248,1000.0974731445312,368.1841125488281,0.9572199583053589,852.6615600585938,407.9623718261719,0.9832760095596313,846.86962890625,546.0360107421875,0.9648813605308533,627.8831176757812,487.1106872558594,0.9672538042068481,561.1054077148438,570.4752807617188,0.8470607995986938
249,999.3447265625,367.5919189453125,0.9538946151733398,852.4674682617188,407.43511962890625,0.9808083772659302,846.2612915039062,544.5825805664062,0.9608626365661621,627.454345703125,489.1275634765625,0.9713244438171387,552.073486328125,571.4099731445312,0.8064170479774475
250,998.4139404296875,367.22601318359375,0.9668182134628296,853.4130859375,406.7540588378906,0.9813947677612305,847.2529907226562,544.0243530273438,0.9538551568984985,628.0980834960938,490.3449401855469,0.976783275604248,547.6849365234375,568.2686157226562,0.9185380935668945
251,998.0679931640625,365.6961669921875,0.9757320880889893,853.529052734375,406.2557067871094,0.9842612743377686,846.5570678710938,542.3554077148438,0.9450188279151917,628.9598388671875,492.1888427734375,0.9782681465148926,545.0696411132812,563.7640380859375,0.9032016396522522
252,997.720703125,364.5876770019531,0.979578971862793,853.7138061523438,405.8298645019531,0.9856951832771301,848.99658203125,542.8433837890625,0.964796781539917,631.08251953125,497.861328125,0.9545038938522339,539.7243041992188,563.9600830078125,0.884628415107727
253,997.3407592773438,362.68792724609375,0.9812346696853638,854.1929931640625,405.4668273925781,0.9863636493682861,851.1405029296875,542.8956298828125,0.9753512144088745,632.6658935546875,501.01153564453125,0.9485976696014404,538.30126953125,562.32568359375,0.8629096150398254
254,997.0166625976562,361.48883056640625,0.9853163957595825,854.5953979492188,405.5549011230469,0.9864687919616699,853.9122314453125,543.6529541015625,0.9730421304702759,635.484375,504.674072265625,0.9716173410415649,537.8079833984375,560.9791259765625,0.8454297780990601
255,995.7230224609375,358.4550476074219,0.9893726110458374,855.2183227539062,405.6488342285156,0.9871235489845276,859.4285888671875,547.1983032226562,0.9761351346969604,642.1744995117188,505.8686828613281,0.9513942003250122,537.1204223632812,560.6112060546875,0.8783539533615112
256,995.1338500976562,356.16754150390625,0.9889609813690186,856.1181030273438,405.7378845214844,0.9844720363616943,863.6607055664062,550.1889038085938,0.9708163738250732,650.0050659179688,507.1953125,0.9596810340881348,539.8818969726562,560.0967407226562,0.9349581003189087
257,995.791015625,353.0232238769531,0.9795480966567993,856.6532592773438,405.84710693359375,0.984642744064331,866.7885131835938,552.58984375,0.989008903503418,655.4918212890625,507.9364929199219,0.9601962566375732,546.269775390625,556.5199584960938,0.904313325881958
258,995.9551391601562,350.2965087890625,0.979116678237915,857.6875,405.07171630859375,0.9859985113143921,871.99365234375,554.6449584960938,0.9878071546554565,665.6502075195312,507.3983459472656,0.9644392728805542,556.075439453125,555.7511596679688,0.8583565950393677
259,995.1822509765625,347.33001708984375,0.979252815246582,858.5524291992188,403.69793701171875,0.9886188507080078,877.0465698242188,556.2522583007812,0.9826454520225525,673.8430786132812,505.89154052734375,0.955441415309906,571.0462036132812,555.1893920898438,0.8720500469207764
260,994.3156127929688,344.6329345703125,0.9851377606391907,859.4793090820312,402.16717529296875,0.9914377927780151,884.850341796875,557.337890625,0.9933035373687744,683.5270385742188,504.3545837402344,0.9739507436752319,576.5939331054688,560.941650390625,0.909061074256897
261,994.0078125,342.57073974609375,0.9869604110717773,860.7525634765625,400.1986999511719,0.9918836951255798,891.3856201171875,558.8724365234375,0.977271556854248,695.4232177734375,498.2247619628906,0.9441845417022705,592.4131469726562,560.7156982421875,0.9581462740898132
262,994.198974609375,340.90826416015625,0.9809472560882568,862.188720703125,398.63861083984375,0.9913299083709717,897.0913696289062,559.1214599609375,0.9811681509017944,703.2943115234375,491.6516418457031,0.9704083204269409,607.1804809570312,565.8884887695312,0.9679043889045715
263,995.3826904296875,336.4542236328125,0.9698439240455627,864.9384765625,398.0827331542969,0.9887967705726624,904.6566772460938,557.8253784179688,0.9857989549636841,714.787353515625,484.910888671875,0.9792071580886841,628.537841796875,568.881591796875,0.9519659876823425
264,995.2254638671875,334.5693664550781,0.977623701095581,867.5750732421875,395.59027099609375,0.9926881790161133,909.5005493164062,556.4772338867188,0.9843207597732544,725.9993896484375,476.7759704589844,0.9548727869987488,656.4016723632812,572.246826171875,0.9440613985061646
265,995.0302734375,332.80743408203125,0.9838525056838989,870.4037475585938,392.568603515625,0.9894235134124756,915.5772705078125,555.0535278320312,0.9948427081108093,736.2327270507812,471.82855224609375,0.9598222970962524,686.1002197265625,572.5859375,0.9342718124389648
266,994.423828125,331.0648498535156,0.9821159839630127,871.8972778320312,389.2178039550781,0.9853164553642273,920.7428588867188,552.967529296875,0.9839674234390259,747.169921875,464.3478088378906,0.9692171812057495,710.8106689453125,576.3351440429688,0.934546709060669
267,994.0029907226562,328.57373046875,0.9839490652084351,872.5184936523438,385.47882080078125,0.9882298707962036,928.4105834960938,547.3387451171875,0.9866170287132263,758.3146362304688,459.5163879394531,0.970937967300415,742.3980712890625,572.0662841796875,0.9685512185096741
268,993.3739624023438,327.21954345703125,0.9884973764419556,874.265380859375,381.7195739746094,0.9880971908569336,932.752197265625,542.9117431640625,0.9911224842071533,767.1726684570312,457.201904296875,0.9898062944412231,770.8380737304688,566.285400390625,0.9362766742706299
269,993.7214965820312,324.9747009277344,0.9900674819946289,875.2799072265625,380.319580078125,0.9835115671157837,938.8101806640625,539.86572265625,0.9866225123405457,775.9376220703125,457.2956848144531,0.969355046749115,793.5238647460938,565.8667602539062,0.8301019668579102
270,993.2329711914062,321.41363525390625,0.9794576168060303,875.78271484375,379.0531005859375,0.982541024684906,944.7788696289062,537.8053588867188,0.9917594194412231,783.5864868164062,455.63958740234375,0.9865635633468628,810.3165893554688,564.7222290039062,0.8802779912948608
271,993.08935546875,318.6234130859375,0.9783284664154053,877.5828247070312,376.6430358886719,0.9703484773635864,951.640625,533.3731689453125,0.9875730276107788,791.119384765625,457.1882629394531,0.9688405990600586,829.9292602539062,563.4457397460938,0.8886938095092773
272,993.5332641601562,316.6939392089844,0.9858527183532715,879.121826171875,374.2847595214844,0.982318639755249,957.5029296875,528.205322265625,0.9803254008293152,797.0465087890625,458.70892333984375,0.9884964227676392,844.328369140625,563.3355712890625,0.9055637121200562
273,994.0587158203125,314.9274597167969,0.9877825975418091,882.7080078125,372.26446533203125,0.9838153123855591,962.5040893554688,523.9625244140625,0.9949431419372559,804.3037109375,461.6712341308594,0.9834312200546265,855.611083984375,560.0302124023438,0.8211460113525391
274,994.6028442382812,312.7203369140625,0.9841290712356567,883.766357421875,371.2530212402344,0.9858871698379517,969.2546997070312,521.4683837890625,0.9813133478164673,808.8800659179688,469.19769287109375,0.9815614223480225,870.1557006835938,561.9030151367188,0.8243321776390076
275,994.2597045898438,310.2809143066406,0.9893364310264587,884.9058227539062,370.395751953125,0.9862579703330994,973.9925537109375,518.6942138671875,0.9846304059028625,813.0348510742188,474.9230041503906,0.9869636297225952,882.9879150390625,561.8395385742188,0.8717375993728638
276,993.7919311523438,308.265380859375,0.9914453625679016,885.3925170898438,370.01800537109375,0.9846764802932739,977.62890625,515.5948486328125,0.9893403053283691,820.1817626953125,482.57940673828125,0.9807913899421692,892.367919921875,562.9280395507812,0.8863918781280518
277,993.9951171875,306.4994812011719,0.9913860559463501,885.5759887695312,369.54681396484375,0.9822837114334106,981.6416625976562,514.3515625,0.9844487309455872,824.0053100585938,491.1846008300781,0.9798333644866943,900.3909912109375,564.2179565429688,0.916602373123169
278,994.0496215820312,304.66607666015625,0.9886454343795776,885.75,369.5002136230469,0.9818028807640076,985.4874877929688,510.1868896484375,0.9841015338897705,828.9542846679688,497.9635009765625,0.9829809665679932,908.610595703125,567.18994140625,0.8838096857070923
279,994.035888671875,302.525634765625,0.9872985482215881,885.7615356445312,369.77203369140625,0.9820907115936279,988.3408813476562,509.6633605957031,0.9844270348548889,834.3819580078125,504.13787841796875,0.9804284572601318,917.2974853515625,570.4891967773438,0.9283178448677063
280,993.5897827148438,301.15289306640625,0.9882519245147705,885.9154663085938,370.0531311035156,0.9828718900680542,992.0093994140625,507.10076904296875,0.9808233380317688,838.8029174804688,509.832763671875,0.9785146713256836,925.3641357421875,574.4334106445312,0.9111877679824829
281,993.32666015625,300.4497375488281,0.9900424480438232,885.8410034179688,370.47967529296875,0.9841015338897705,994.1138305664062,505.9125671386719,0.9901914000511169,843.2265014648438,519.1878051757812,0.9847521781921387,933.9229736328125,577.4788208007812,0.8780190944671631
282,992.5296020507812,299.7978210449219,0.9884699583053589,885.8585815429688,370.86785888671875,0.983702540397644,995.7095947265625,506.2992248535156,0.992616593837738,846.2744750976562,523.6327514648438,0.9843194484710693,939.6112060546875,581.0675659179688,0.8590633869171143
283,992.210693359375,299.7654724121094,0.9887769222259521,885.59716796875,371.3775634765625,0.9846848845481873,996.6058959960938,506.4396667480469,0.9927562475204468,851.9486083984375,529.7669067382812,0.9794899225234985,946.6426391601562,587.5747680664062,0.855160653591156
